-- phpMyAdmin SQL Dump
-- version 5.1.0
-- https://www.phpmyadmin.net/
--
-- Хост: 127.0.0.1:3306
-- Время создания: Янв 11 2022 г., 18:01
-- Версия сервера: 5.5.62
-- Версия PHP: 7.1.33

SET SQL_MODE = "NO_AUTO_VALUE_ON_ZERO";
START TRANSACTION;
SET time_zone = "+00:00";


/*!40101 SET @OLD_CHARACTER_SET_CLIENT=@@CHARACTER_SET_CLIENT */;
/*!40101 SET @OLD_CHARACTER_SET_RESULTS=@@CHARACTER_SET_RESULTS */;
/*!40101 SET @OLD_COLLATION_CONNECTION=@@COLLATION_CONNECTION */;
/*!40101 SET NAMES utf8mb4 */;

--
-- База данных: `javadb`
--

-- --------------------------------------------------------

--
-- Структура таблицы `categories`
--

CREATE TABLE `categories` (
  `name` varchar(50) COLLATE utf8mb4_unicode_ci NOT NULL,
  `description` varchar(255) COLLATE utf8mb4_unicode_ci NOT NULL,
  `id` int(11) NOT NULL
) ENGINE=InnoDB DEFAULT CHARSET=utf8mb4 COLLATE=utf8mb4_unicode_ci;

--
-- Дамп данных таблицы `categories`
--

INSERT INTO `categories` (`name`, `description`, `id`) VALUES
('Часы', 'Категория товаров \"Часы\"\r\n', 1),
('Ноутбуки', 'Категория товаров \"Ноутбуки\"', 2),
('Телефоны', 'Категория товаров \"Телефоны\"', 3),
('Планшеты', 'Категория товарво \"Планшеты\"', 4),
('Процессор', 'Процессоры БУ', 5),
('Телевизоры', 'Категория телевизоров', 6),
('Мониторы', 'Категория мониторов', 7),
('Наушники', 'Категория наушников\n', 8);

-- --------------------------------------------------------

--
-- Структура таблицы `goods`
--

CREATE TABLE `goods` (
  `id` int(11) NOT NULL,
  `name` varchar(255) COLLATE utf8mb4_unicode_ci NOT NULL,
  `category` varchar(50) COLLATE utf8mb4_unicode_ci NOT NULL,
  `image` varchar(255) COLLATE utf8mb4_unicode_ci NOT NULL,
  `description` text COLLATE utf8mb4_unicode_ci NOT NULL
) ENGINE=InnoDB DEFAULT CHARSET=utf8mb4 COLLATE=utf8mb4_unicode_ci;

--
-- Дамп данных таблицы `goods`
--

INSERT INTO `goods` (`id`, `name`, `category`, `image`, `description`) VALUES
(1, 'phone 1', 'Телефоны', 'image.png', 'description of phone 1'),
(2, 'mi band 6', 'Часы', 'image.png', 'clock mi band 6'),
(3, 'macbook pro\r\n', 'Ноутбуки', 'qTYU2Hvywj.jpeg', 'macbook pro 16 m1 16ram 515gb'),
(4, 'Планшет Samsung Galaxy', 'Планшеты', 'yZou54CqB1.jpeg', 'Экран 8.7\" (1340x800) MultiTouch / MediaTek Helio P22T (2.3 ГГц) / RAM 3 ГБ / 32 ГБ встроенной памяти + microSD / 3G / 4G / Wi-Fi / Bluetooth 5.0 / основная камера 8 Мп, фронтальная - 2 Мп / GPS / ГЛОНАСС / Android 11 / 371 г / серый'),
(5, 'xiaomi redmi', 'Телефоны', 'image.png', 'xioami redmi phone 4ram and 64gb'),
(22, 'Mi band 4', 'Часы', 'FNLPfCzSTu.png', 'Часы-браслет Xiaomi Mi band 4'),
(23, 'Amazfit Bip', 'Часы', '9gqSD5GA8i.jpeg', 'Технические характеристики Amazfit Bip U Pro\nЭкран: прямоугольный, плоский, IPS, 1,43″, 320×302, 308 ppi\nЗащита от воды и пыли: 5 атм\nРемешок: съемный, силиконовый\nСовместимость: устройства на базе Android 5.0+ / iOS 10.0+\nПодключение: Bluetooth 5.0, A2DP'),
(24, 'Xiaomi Redmi Note 10 Pro 64 ГБ', 'Телефоны', 'RgpsuH3C4o.jpeg', 'Экран:6.67 \", 2400x1080 (20:9), 120 Гц, 395 ppiПамять:64 ГБ, ОЗУ 6 ГБПроцессор:8 ядер(а), 2.3 ГГцКамера:4 модуляВидео:fullHD 60 к/с, ultraHD 4KЕмкость батареи:5020 мАчВес:193 г'),
(25, 'Xeon', 'Процессор', '44DBq7xNxk.jpeg', 'Процессор'),
(26, 'Телевизор Philips 55OLED805/12', 'Телевизоры', 'qYuVbhpIxx.jpeg', 'Высокая производительность. Минималистичный дизайн.\nПогрузитесь в изображение высокой четкости с естественными цветами и высокой контрастностью. Этот тонкий телевизор Philips OLED 4K с Ambilight придает изображению глубину, а движению — плавность, чтобы вы получали удовольствие от просмотра любимого контента. Подсветка Ambilight дополняет атмосферу при просмотре.\n\nВолшебство Ambilight. Только от Philips.\nС Philips Ambilight каждый момент становится ближе. Интеллектуальные светодиоды по краям телевизора реагируют на происходящее на экране и изменяют цвет для еще большего эффекта погружения. Попробовав один раз, вы больше не сможете от этого отказаться.\n\nPhilips OLED TV: стандарт реалистичности.\nС телевизорами Philips OLED TV вы получаете более широкий угол обзора и невероятно реалистичное изображение HDR, где каждая сцена буквально оживает. Более глубокие черные оттенки, более живые цвета и точная передача мельчайших деталей даже в тени и на светлых участках.\n\nОсновные форматы HDR. Смотрите фильмы в соответствии с задумкой режиссера.\nТелевизор Philips 4K UHD OLED совместим со всеми основными форматами HDR, включая HDR10+ и Dolby Vision. Как только начнете смотреть популярный сериал или запустите новую игру, вы поймете, что тени стали глубже, а в светлых участках изображения стало больше деталей. Цвета станут более реалистичными, а движение более плавным.\n\nDolby Vision и Dolby Atmos. Кинематографичное изображение и звук.\nПоддержка форматов Dolby для звука и видео премиум-класса означает, что HDR-материалы будут выглядеть и звучать максимально реалистично. Как материалы Blu-Ray, так и новый эпизод сериала, доступного по подписке, предстанут перед вами с максимальной контрастностью и яркостью, а также реалистичной цветопередачей. И все это будет сопровождаться объемным, четким и глубоким звуком.\n\nМагазин Google Play, Netflix, Amazon Prime и многое другое\nПерсонализируйте свой телевизор с Philips Android TV. Если на этой неделе вы хотите посмотреть контент на Amazon и YouTube, а на следующей — Rakuten TV и Netflix, это решение именно для вас. Четкий и понятный интерфейс позволяет располагать источники контента так, как удобно вам. Легко продолжайте просмотр начатых эпизодов и знакомьтесь с анонсами новых фильмов.\n\nУправление голосом. Встроенный Google Ассистент. Совместимо с Alexa.\nУправляйте телевизором с Android TV с помощью голосовых команд. Хотите сыграть в игру, посмотреть Netflix или найти контент и приложения в магазине Google Play? Просто скажите об этом своему телевизоре. Вы даже можете управлять всеми устройствами, совместимыми с Ассистентом Google, например приглушать свет и переводить термостат в ночной режим. И все это — не вставая с дивана. Дни, когда вы искали пульт от телевизора по всему дому, уже далеко позади. Теперь с помощью голосовых команды вы можете управлять телевизором Philips посредством устройств с поддержкой Alexa, таких как Amazon Echo. Включайте телевизор, переключайтесь между каналами или источниками сигнала и многое другое с помощью Alexa.\n\nDTS Play-Fi. Мультирум-аудиосистема.\nС DTS Play-Fi на телевизоре Philips вы можете подключаться к совместимым АС в любой комнате. На кухне стоит беспроводная аудиосистема? Продолжайте слушать диалоги фильма, пока готовите перекус, и не пропускайте важные моменты спортивной трансляции, наливая друзьям напитки.\n\nAndroid TV. Интеллектуально и просто.\nТелевизоры Philips Android TV открывают доступ к любому контенту. Можно настроить главный экран как вам удобно и организовать удобный доступ к любимым приложениям, чтобы смотреть фильмы и телепередачи было просто. Продолжать просмотр можно с того места, где вы остановились.\n\nПроцессор P5 с ИИ. Невероятная реалистичность во всем.\nПроцессор Philips P5 с искусственным интеллектом делает изображение невероятно реалистичным. Мощный алгоритм ИИ для обработки изображения действует схоже с человеческим мозгом. Неважно, что вы смотрите, детализация, контрастность, богатые оттенки и плавность картинки поразят ваше воображение.'),
(27, 'Планшет Lenovo Tab M10 FHD Plus (2nd Gen) Wi-Fi 64GB Platinum Grey (ZA5T0417UA) + чехол и защитная плёнка в комплекте!', 'Планшеты', 'siAGsqSGo5.jpeg', 'Экран 10.3\" (1920x1200) MultiTouch / MediaTek Helio P22T (2.3 ГГц) / RAM 4 ГБ / 64 ГБ встроенной памяти + microSD / Wi-Fi / Bluetooth 5.0 / основная камера 8 Мп, фронтальная - 5 Мп / Android 9.0 (Pie) / 460 г / платиновый серый'),
(28, 'Монитор 27\" Dell S2721DGFA (210-AXRQ)', 'Мониторы', 'MdpZt9DhQN.jpeg', 'Диагональ дисплея\n27\"\nМаксимальное разрешение дисплея\n2560 x 1440\nВремя реакции матрицы\n1 мс (от серого к серому)\nЯркость дисплея\n400 кд/м²\nТип матрицы\nIPS\nКонтрастность дисплея\n1000:1\nОсобенности\n\"Безрамочный\" (Сinema screen)\nFlicker-Free\nUSB-концентратор\nПоворотный экран (Pivot)\nРегулировка по высоте'),
(29, 'Монитор 27\" Acer Nitro VG272UVbmiipx (UM.HV2EE.S01) - G-SYNC Compatible - 8-Bit - DCI-P3 95% - DisplayHDR 400', 'Мониторы', '6pBJsP2uL6.jpeg', 'Диагональ дисплея\n27\"\nМаксимальное разрешение дисплея\n2560 x 1440\nВремя реакции матрицы\n1 мс\nЯркость дисплея\n400 кд/м²\nТип матрицы\nIPS\nКонтрастность дисплея\n1000:1\nОсобенности\n\"Безрамочный\" (Сinema screen)'),
(30, 'Ноутбук Apple MacBook Air 13\" M1 256GB 2020 (MGN63) Space Gray', 'Ноутбуки', 'YZ8fZx7mv6.jpeg', 'Экран\nДиагональ экрана\n13.3\" (2560x1600) WQXGA\nТип экрана\nRetina\nЧастота обновления экрана\n60 Гц\nПроцессор\nПроцессор\nВосьмиядерный Apple M1\nОперационная система\nmacOS Big Sur\nОперативная память\nОбъем оперативной памяти\n8 ГБ\nКоличество слотов для оперативной памяти\nНет\nНакопители данных\nКоличество слотов M.2\nБез слота M.2\nКоличество отсеков 2.5\" SATA для HDD/SSD\nБез отсеков\nОбъём накопителя\n256 ГБ SSD\nВидеокарта\nВидеокарта\nИнтегрированная видеокарта'),
(31, 'Ноутбук Lenovo V17 G2 ITL (82NX00DQRA) Iron Grey', 'Ноутбуки', 'XY3fdpPUso.jpeg', 'Экран 17.3\" TN+film (1600x900) HD+, матовый / Intel Core i3-1115G4 (3.0 - 4.1 ГГц) / RAM 8 ГБ / SSD 256 ГБ / Intel Iris Xe / без ОД / Wi-Fi / Bluetooth / веб-камера / без ОС / 2.2 кг / серый'),
(32, 'Наушники Apple AirPods with Wireless Charging Case 2021 (3-е поколение)', 'Наушники', 'TGxwAkuC75.jpeg', 'Тип наушников\nTWS (2 раздельно)\nТип подключения\nБеспроводные\nОсобенности\nApple-совместимость\nИнтерфейс подключения\nBluetooth\nМикрофон\nВстроенный\nЦвет\nWhite\nГод выпуска модели\n2021\nЧашки\nОвальные\nКонструкция микрофона\nВстроенный в корпус наушников'),
(33, 'Наушники Razer Kraken Multi Platform Mercury Edition', 'Наушники', 'nQ3bKLNhRM.jpeg', 'Тип подключения\nПроводные\nИнтерфейс подключения\n3.5 мм (mini-Jack)\nНаличие активного шумоподавления\nБез активного шумоподавления\nЦвет\nWhite\nИмпеданс, Ом\n32\nПоддержка звука\n7.1\nДиапазон частот наушников\n12 Гц – 28 кГц\nТип кабеля\nКруглый\nФорма штекера\nПрямой\nМатериал амбушюр\nТкань\nЧувствительность наушников\n109 дБ\nАкустическое оформление\nЗакрытые\nКабель\nОдносторонний\nЧашки\nОвальные\nТип излучателя\nДинамический\nТип микрофона\nДинамический\nКонструкция микрофона\nВыдвижной\nНаправленность микрофона\nОднонаправленный\nДиапазон частот микрофона\n100 Гц – 10 кГц\nЧувствительность микрофона\n>60 дБ\nСтрана-производитель товара\nКитай\nВес\n322 г\nСтрана регистрации бренда\nСША\nГарантия\n24 месяца');

-- --------------------------------------------------------

--
-- Структура таблицы `providers`
--

CREATE TABLE `providers` (
  `providerId` int(11) NOT NULL,
  `name` varchar(50) COLLATE utf8mb4_unicode_ci DEFAULT NULL,
  `phone` varchar(255) COLLATE utf8mb4_unicode_ci DEFAULT NULL
) ENGINE=InnoDB DEFAULT CHARSET=utf8mb4 COLLATE=utf8mb4_unicode_ci;

--
-- Дамп данных таблицы `providers`
--

INSERT INTO `providers` (`providerId`, `name`, `phone`) VALUES
(1, 'Василий', '453563435'),
(2, 'Петр', '5435345435'),
(3, 'Василий', '453563435'),
(4, 'Василий', '453563435'),
(5, 'Стас', '65464565456'),
(9, 'Петр', '3434');

-- --------------------------------------------------------

--
-- Структура таблицы `providerwaybills`
--

CREATE TABLE `providerwaybills` (
  `id` int(11) NOT NULL,
  `providerId` int(11) DEFAULT NULL,
  `waybillId` int(11) DEFAULT NULL
) ENGINE=InnoDB DEFAULT CHARSET=utf8mb4 COLLATE=utf8mb4_unicode_ci;

--
-- Дамп данных таблицы `providerwaybills`
--

INSERT INTO `providerwaybills` (`id`, `providerId`, `waybillId`) VALUES
(1, 1, 1),
(2, 1, 2),
(3, 3, 3),
(4, 2, 4),
(5, 3, 5),
(6, 5, 6),
(7, 5, 7),
(8, 2, 9),
(9, 4, 10),
(10, 2, 11),
(11, 5, 12),
(12, 1, 13),
(13, 3, 14),
(14, 2, 15),
(15, 4, 16),
(16, 4, 17),
(17, 3, 18),
(18, 2, 19),
(19, 5, 20),
(20, 2, 21),
(21, 1, 22),
(22, 4, 23),
(23, 3, 24),
(26, 2, 28),
(27, 2, 29),
(28, 2, 30),
(29, 2, 31),
(30, 3, 32),
(31, 3, 33),
(32, 5, 34),
(33, 5, 35),
(34, 5, 36),
(35, 4, 37),
(36, 4, 38),
(37, 4, 39),
(38, 4, 40),
(39, 4, 41),
(40, 4, 42),
(41, 4, 43),
(42, 4, 44),
(43, 4, 45),
(44, 4, 46),
(45, 4, 47),
(46, 4, 48),
(47, 4, 49),
(48, 4, 50),
(49, 4, 51),
(50, 4, 52),
(51, 4, 53),
(52, 4, 54),
(53, 4, 55),
(54, 4, 56),
(55, 4, 57),
(56, 4, 58),
(57, 4, 59),
(58, 4, 60),
(59, 4, 61),
(60, 4, 62),
(61, 4, 63),
(62, 4, 64),
(63, 4, 65),
(64, 4, 66),
(65, 4, 67),
(66, 4, 68),
(67, 4, 69),
(68, 4, 70),
(69, 4, 71),
(70, 4, 72),
(71, 4, 73),
(72, 4, 74),
(73, 4, 75),
(74, 4, 76),
(75, 4, 77),
(76, 4, 78),
(77, 4, 79),
(78, 4, 80),
(79, 4, 81),
(80, 4, 82),
(81, 4, 83),
(82, 4, 84),
(83, 4, 85),
(84, 4, 86),
(85, 4, 87),
(86, 4, 88),
(87, 4, 89),
(88, 4, 90),
(89, 4, 91),
(90, 4, 92),
(91, 4, 93),
(92, 4, 94),
(93, 4, 95),
(94, 4, 96),
(95, 4, 97),
(96, 4, 98),
(97, 4, 99),
(98, 4, 100),
(99, 4, 101),
(100, 4, 102),
(101, 4, 103),
(102, 4, 104),
(103, 4, 105),
(104, 4, 106),
(105, 4, 107),
(106, 4, 108),
(107, 4, 109),
(108, 4, 110),
(109, 4, 111),
(110, 4, 112),
(111, 4, 113),
(112, 4, 114),
(113, 4, 115),
(114, 4, 116),
(115, 4, 117),
(116, 4, 118),
(117, 4, 119),
(118, 4, 120),
(119, 4, 121),
(120, 4, 122),
(121, 4, 123),
(122, 4, 124),
(123, 4, 125),
(124, 4, 126),
(125, 4, 127),
(126, 4, 128),
(127, 4, 129),
(128, 4, 130),
(129, 4, 131),
(130, 4, 132),
(131, 4, 133),
(132, 4, 134),
(133, 4, 135),
(134, 4, 136),
(135, 4, 137),
(136, 4, 138),
(137, 4, 139),
(138, 4, 140),
(139, 4, 141),
(140, 4, 142),
(141, 4, 143),
(142, 4, 144),
(143, 4, 145),
(144, 4, 146),
(145, 4, 147),
(146, 4, 148),
(147, 4, 149),
(148, 4, 150),
(149, 4, 151),
(150, 4, 152),
(151, 4, 153),
(152, 4, 154),
(153, 4, 155),
(154, 4, 156),
(155, 4, 157),
(156, 4, 158),
(157, 4, 159),
(158, 4, 160),
(159, 4, 161),
(160, 4, 162),
(161, 4, 163),
(162, 4, 164),
(163, 4, 165),
(164, 4, 166),
(165, 4, 167),
(166, 4, 168),
(167, 4, 169),
(168, 4, 170),
(169, 4, 171),
(170, 4, 172),
(171, 4, 173),
(172, 4, 174),
(173, 4, 175),
(174, 4, 176),
(175, 4, 177),
(176, 4, 178),
(177, 4, 179),
(178, 4, 180),
(179, 4, 181),
(180, 4, 182),
(181, 4, 183),
(182, 4, 184),
(183, 4, 185),
(184, 4, 186),
(185, 4, 187),
(186, 4, 188),
(187, 4, 189),
(188, 4, 190),
(189, 4, 191),
(190, 4, 192),
(191, 4, 193),
(192, 4, 194),
(193, 4, 195),
(194, 4, 196),
(195, 4, 197),
(196, 4, 198),
(197, 4, 199),
(198, 4, 200),
(199, 4, 201),
(200, 4, 202),
(201, 4, 203),
(202, 4, 204),
(203, 4, 205),
(204, 4, 206),
(205, 4, 207),
(206, 4, 208),
(207, 4, 209),
(208, 4, 210),
(209, 4, 211),
(210, 4, 212),
(211, 4, 213),
(212, 4, 214),
(213, 4, 215),
(214, 4, 216),
(215, 4, 217),
(216, 4, 218),
(217, 4, 219),
(218, 4, 220),
(219, 4, 221),
(220, 4, 222),
(221, 4, 223),
(222, 4, 224),
(223, 4, 225),
(224, 4, 226),
(225, 4, 227),
(226, 4, 228),
(227, 4, 229),
(228, 4, 230),
(229, 4, 231),
(230, 4, 232),
(231, 4, 233),
(232, 4, 234),
(233, 4, 235),
(234, 4, 236),
(235, 4, 237),
(236, 4, 238),
(237, 4, 239),
(238, 4, 240),
(239, 4, 241),
(240, 4, 242),
(241, 4, 243),
(242, 4, 244),
(243, 4, 245),
(244, 4, 246),
(245, 4, 247),
(246, 4, 248),
(247, 4, 249),
(248, 4, 250),
(249, 4, 251),
(250, 4, 252),
(251, 4, 253),
(252, 4, 254),
(253, 4, 255),
(254, 4, 256),
(255, 4, 257),
(256, 4, 258),
(257, 4, 259),
(258, 4, 260),
(259, 4, 261),
(260, 4, 262),
(261, 4, 263),
(262, 4, 264),
(263, 4, 265),
(264, 4, 266),
(265, 4, 267),
(266, 4, 268),
(267, 4, 269),
(268, 4, 270),
(269, 4, 271),
(270, 4, 272),
(271, 4, 273),
(272, 4, 274),
(273, 4, 275),
(274, 4, 276),
(275, 4, 277),
(276, 4, 278),
(277, 4, 279),
(278, 4, 280),
(279, 4, 281),
(280, 4, 282),
(281, 4, 283),
(282, 4, 284),
(283, 4, 285),
(284, 4, 286),
(285, 4, 287),
(286, 4, 288),
(287, 4, 289),
(288, 4, 290),
(289, 4, 291),
(290, 4, 292),
(291, 4, 293),
(292, 4, 294),
(293, 4, 295),
(294, 4, 296),
(295, 4, 297),
(296, 4, 298),
(297, 4, 299),
(298, 4, 300),
(299, 4, 301),
(300, 4, 302),
(301, 4, 303),
(302, 4, 304),
(303, 4, 305),
(304, 4, 306),
(305, 4, 307),
(306, 4, 308),
(307, 4, 309),
(308, 4, 310),
(309, 4, 311),
(310, 4, 312),
(311, 4, 313),
(312, 4, 314),
(313, 4, 315),
(314, 4, 316),
(315, 4, 317),
(316, 4, 318),
(317, 4, 319),
(318, 4, 320),
(319, 4, 321),
(320, 4, 322),
(321, 4, 323),
(322, 4, 324),
(323, 4, 325),
(324, 4, 326),
(325, 4, 327),
(326, 4, 328),
(327, 4, 329),
(328, 4, 330),
(329, 4, 331),
(330, 4, 332),
(331, 4, 333),
(332, 4, 334),
(333, 4, 335),
(334, 4, 336),
(335, 4, 337),
(336, 4, 338),
(337, 4, 339),
(338, 4, 340),
(339, 4, 341),
(340, 4, 342),
(341, 4, 343),
(342, 4, 344),
(343, 4, 345),
(344, 4, 346),
(345, 4, 347),
(346, 4, 348),
(347, 4, 349),
(348, 4, 350),
(349, 4, 351),
(350, 4, 352),
(351, 4, 353),
(352, 4, 354),
(353, 4, 355),
(354, 4, 356),
(355, 4, 357),
(356, 4, 358),
(357, 4, 359),
(358, 4, 360),
(359, 4, 361),
(360, 4, 362),
(361, 4, 363),
(362, 4, 364),
(363, 4, 365),
(364, 4, 366),
(365, 4, 367),
(366, 4, 368),
(367, 4, 369),
(368, 1, 370),
(369, 1, 371),
(370, 1, 372),
(371, 1, 373),
(372, 1, 374),
(373, 3, 375),
(374, 3, 376),
(375, 3, 377),
(376, 4, 378),
(377, 4, 379),
(378, 4, 380),
(379, 4, 381),
(380, 4, 382),
(381, 5, 383),
(382, 5, 384),
(383, 5, 385),
(384, 5, 386),
(385, 5, 387),
(386, 5, 388),
(387, 1, 389),
(388, 1, 390),
(389, 2, 391),
(390, 3, 392),
(391, 3, 393),
(392, 4, 394),
(393, 4, 395),
(394, 4, 396),
(395, 4, 398),
(396, 5, 399),
(397, 2, 400),
(398, 4, 401),
(399, 4, 402),
(400, 5, 403),
(401, 5, 404),
(402, 5, 405),
(403, 5, 406),
(404, 4, 407),
(405, 2, 408),
(406, 1, 409);

-- --------------------------------------------------------

--
-- Структура таблицы `roles`
--

CREATE TABLE `roles` (
  `role` varchar(50) COLLATE utf8mb4_unicode_ci NOT NULL,
  `description` varchar(255) COLLATE utf8mb4_unicode_ci NOT NULL,
  `id` int(11) NOT NULL
) ENGINE=InnoDB DEFAULT CHARSET=utf8mb4 COLLATE=utf8mb4_unicode_ci;

--
-- Дамп данных таблицы `roles`
--

INSERT INTO `roles` (`role`, `description`, `id`) VALUES
('Администратор', 'Администратор интернет магазина', 1),
('Менеджер по продажам', 'Менеджер общается с клиентами и поставщиками', 2),
('Кладовщик', 'Работник склада', 3),
('Курьер', 'Доставляет купленные товары покупателю', 4),
('test2223', 'фывфывфыв', 5);

-- --------------------------------------------------------

--
-- Структура таблицы `sales`
--

CREATE TABLE `sales` (
  `id` int(11) NOT NULL,
  `itemId` int(11) NOT NULL,
  `dateOfSale` date NOT NULL,
  `mailOfBuyer` varchar(255) COLLATE utf8mb4_unicode_ci NOT NULL,
  `courier` int(11) DEFAULT NULL,
  `count` int(11) NOT NULL
) ENGINE=InnoDB AVG_ROW_LENGTH=2048 DEFAULT CHARSET=utf8mb4 COLLATE=utf8mb4_unicode_ci;

--
-- Дамп данных таблицы `sales`
--

INSERT INTO `sales` (`id`, `itemId`, `dateOfSale`, `mailOfBuyer`, `courier`, `count`) VALUES
(1, 1, '2021-09-30', 'fasfa@mail.ru', 4, 1),
(2, 3, '2021-09-30', 'sdsfd@ya.ru', 4, 1),
(3, 4, '2021-10-02', 'sdfdf@gmail.com\r\n', 4, 1),
(4, 5, '2021-10-01', 'bvcvb@mail.ru', 4, 1),
(5, 5, '2021-10-29', 'test@gmail.com\r\n', 4, 2),
(6, 1, '2021-11-13', 'test@gmail.com', 4, 2),
(13, 4, '2021-11-13', 'admin@gmail.com', 4, 1),
(14, 3, '2021-11-13', 'admin@gmail.com', 4, 1),
(15, 4, '2021-11-15', 'test@gmail.com', 4, 2),
(16, 5, '2021-11-15', 'admin@gmail.com', 4, 5),
(27, 25, '2021-11-29', 'admin@gmail.com', 4, 1),
(28, 22, '2021-12-04', 'admin@gmail.com', 4, 3),
(29, 25, '2021-12-04', 'admin@gmail.com', 4, 2),
(30, 23, '2021-12-04', 'admin@gmail.com', 4, 6),
(31, 24, '2021-12-04', 'admin@gmail.com', 4, 3),
(32, 3, '2021-12-04', 'cowalyow2012@gmail.com', 4, 1),
(33, 24, '2021-12-05', 'admin@gmail.com', 4, 5),
(34, 24, '2021-12-05', 'test@gmail.com', 4, 2),
(38, 24, '2021-12-05', 'test@gmail.com', 4, 1),
(39, 22, '2021-12-05', 'test@gmail.com', 4, 1),
(40, 25, '2021-12-27', 'qwerty@gmail.com', 4, 1),
(41, 25, '2021-12-27', 'qwerty@gmail.com', NULL, 1),
(42, 2, '2021-12-27', 'test@gmail.com', 4, 1);

-- --------------------------------------------------------

--
-- Структура таблицы `stockcontrolcard`
--

CREATE TABLE `stockcontrolcard` (
  `id` int(11) NOT NULL,
  `price` int(11) NOT NULL,
  `arrivadDate` date NOT NULL,
  `issueDate` date DEFAULT NULL,
  `place` varchar(255) COLLATE utf8mb4_unicode_ci NOT NULL,
  `waybillId` int(11) NOT NULL,
  `saleId` int(11) DEFAULT NULL
) ENGINE=InnoDB DEFAULT CHARSET=utf8mb4 COLLATE=utf8mb4_unicode_ci;

--
-- Дамп данных таблицы `stockcontrolcard`
--

INSERT INTO `stockcontrolcard` (`id`, `price`, `arrivadDate`, `issueDate`, `place`, `waybillId`, `saleId`) VALUES
(3, 6487, '2021-09-30', '2021-09-30', 'Сектор В ряд 2 ', 0, NULL),
(11, 123, '2021-12-31', NULL, 'test sector', 0, NULL),
(12, 2, '2021-11-06', '2021-11-13', '12', 0, NULL),
(13, 33, '2021-11-20', NULL, '3234', 0, NULL),
(14, 777, '2021-11-20', NULL, '777', 0, NULL),
(15, 777, '2021-11-20', '2021-11-13', '777', 0, NULL),
(16, 777, '2021-11-20', NULL, '777', 0, NULL),
(18, 999, '2021-11-09', NULL, '999', 0, NULL),
(22, 888, '2021-11-19', NULL, '888', 0, NULL),
(24, 11, '2021-11-14', '2021-11-15', '999', 0, NULL),
(25, 11, '2021-11-14', '2021-11-15', '999', 0, NULL),
(26, 5000, '2021-11-15', '2021-11-15', '999', 0, NULL),
(27, 5000, '2021-11-15', '2021-11-15', '999', 0, NULL),
(28, 5000, '2021-11-15', '2021-11-15', '999', 0, NULL),
(29, 5000, '2021-11-15', '2021-11-15', '999', 0, NULL),
(30, 5000, '2021-11-15', '2021-11-15', '999', 0, NULL),
(31, 4000, '2021-11-15', '2021-12-04', 'пваапвап', 0, NULL),
(32, 1000, '2021-11-28', '2021-11-29', 'ываыва', 0, NULL),
(33, 1500, '2021-11-22', '2021-11-29', 'под забором', 0, NULL),
(34, 1500, '2021-11-22', '2021-11-29', 'под забором', 0, NULL),
(35, 240, '2021-11-22', '2021-11-29', 'Горняцкий', 0, NULL),
(36, 45, '2021-11-23', NULL, 'вапвап', 0, NULL),
(37, 333, '2021-11-26', '2021-11-29', '234', 0, NULL),
(38, 222, '2021-11-19', '2021-11-29', '999', 0, NULL),
(39, 33, '2021-11-28', '2021-11-29', '999', 0, NULL),
(40, 33, '2021-11-28', '2021-11-29', '999', 0, NULL),
(41, 33, '2021-11-28', '2021-11-29', '999', 0, NULL),
(42, 33, '2021-11-28', '2021-11-29', '999', 0, NULL),
(43, 333, '2021-11-12', '2021-11-29', '999', 0, NULL),
(44, 333, '2021-11-12', '2021-11-29', '999', 0, NULL),
(45, 333, '2021-11-28', '2021-11-29', '12', 0, NULL),
(46, 333, '2021-11-28', '2021-11-29', '12', 0, NULL),
(47, 333, '2021-11-28', '2021-11-29', '12', 0, NULL),
(48, 333, '2021-11-22', '2021-11-29', '333', 0, NULL),
(49, 333, '2021-11-22', '2021-11-29', '333', 0, NULL),
(50, 333, '2021-11-22', '2021-11-29', '333', 0, NULL),
(51, 333, '2021-11-22', '2021-11-29', '333', 0, NULL),
(52, 333, '2021-11-22', '2021-11-29', '333', 0, NULL),
(53, 333, '2021-11-22', '2021-11-29', '333', 0, NULL),
(54, 333, '2021-11-22', '2021-11-29', '333', 0, NULL),
(55, 333, '2021-11-22', '2021-11-29', '333', 0, NULL),
(56, 333, '2021-11-22', '2021-11-29', '333', 0, NULL),
(57, 333, '2021-11-22', '2021-11-29', '333', 0, NULL),
(58, 333, '2021-11-22', '2021-11-29', '333', 0, NULL),
(59, 333, '2021-11-22', '2021-11-29', '333', 0, NULL),
(60, 333, '2021-11-22', '2021-11-29', '333', 0, NULL),
(61, 333, '2021-11-22', '2021-11-29', '333', 0, NULL),
(62, 333, '2021-11-22', '2021-11-29', '333', 0, NULL),
(63, 333, '2021-11-22', '2021-11-29', '333', 0, NULL),
(64, 333, '2021-11-22', '2021-11-29', '333', 0, NULL),
(65, 333, '2021-11-22', '2021-11-29', '333', 0, NULL),
(66, 333, '2021-11-22', '2021-11-29', '333', 0, NULL),
(67, 333, '2021-11-22', '2021-11-29', '333', 0, NULL),
(68, 333, '2021-11-22', '2021-11-29', '333', 0, NULL),
(69, 333, '2021-11-22', '2021-11-29', '333', 0, NULL),
(70, 333, '2021-11-22', '2021-11-29', '333', 0, NULL),
(71, 333, '2021-11-22', '2021-11-29', '333', 0, NULL),
(72, 333, '2021-11-22', '2021-11-29', '333', 0, NULL),
(73, 333, '2021-11-22', '2021-11-29', '333', 0, NULL),
(74, 333, '2021-11-22', '2021-11-29', '333', 0, NULL),
(75, 333, '2021-11-22', '2021-11-29', '333', 0, NULL),
(76, 333, '2021-11-22', '2021-11-29', '333', 0, NULL),
(77, 333, '2021-11-22', '2021-11-29', '333', 0, NULL),
(78, 333, '2021-11-22', '2021-11-29', '333', 0, NULL),
(79, 333, '2021-11-22', '2021-11-29', '333', 0, NULL),
(80, 333, '2021-11-22', '2021-11-29', '333', 0, NULL),
(81, 333, '2021-11-22', '2021-11-29', '333', 0, NULL),
(82, 333, '2021-11-22', '2021-11-29', '333', 0, NULL),
(83, 333, '2021-11-22', '2021-11-29', '333', 0, NULL),
(84, 333, '2021-11-22', '2021-11-29', '333', 0, NULL),
(85, 333, '2021-11-22', '2021-11-29', '333', 0, NULL),
(86, 333, '2021-11-22', '2021-11-29', '333', 0, NULL),
(87, 333, '2021-11-22', '2021-11-29', '333', 0, NULL),
(88, 333, '2021-11-22', '2021-11-29', '333', 0, NULL),
(89, 333, '2021-11-22', '2021-11-29', '333', 0, NULL),
(90, 333, '2021-11-22', '2021-11-29', '333', 0, NULL),
(91, 333, '2021-11-22', '2021-11-29', '333', 0, NULL),
(92, 333, '2021-11-22', '2021-11-29', '333', 0, NULL),
(93, 333, '2021-11-22', '2021-11-29', '333', 0, NULL),
(94, 333, '2021-11-22', '2021-11-29', '333', 0, NULL),
(95, 333, '2021-11-22', '2021-11-29', '333', 0, NULL),
(96, 333, '2021-11-22', '2021-11-29', '333', 0, NULL),
(97, 333, '2021-11-22', '2021-11-29', '333', 0, NULL),
(98, 333, '2021-11-22', '2021-11-29', '333', 0, NULL),
(99, 333, '2021-11-22', '2021-11-29', '333', 0, NULL),
(100, 333, '2021-11-22', '2021-11-29', '333', 0, NULL),
(101, 333, '2021-11-22', '2021-11-29', '333', 0, NULL),
(102, 333, '2021-11-22', '2021-11-29', '333', 0, NULL),
(103, 333, '2021-11-22', '2021-11-29', '333', 0, NULL),
(104, 333, '2021-11-22', '2021-11-29', '333', 0, NULL),
(105, 333, '2021-11-22', '2021-11-29', '333', 0, NULL),
(106, 333, '2021-11-22', '2021-11-29', '333', 0, NULL),
(107, 333, '2021-11-22', '2021-11-29', '333', 0, NULL),
(108, 333, '2021-11-22', '2021-11-29', '333', 0, NULL),
(109, 333, '2021-11-22', '2021-11-29', '333', 0, NULL),
(110, 333, '2021-11-22', '2021-11-29', '333', 0, NULL),
(111, 333, '2021-11-22', '2021-11-29', '333', 0, NULL),
(112, 333, '2021-11-22', '2021-11-29', '333', 0, NULL),
(113, 333, '2021-11-22', '2021-11-29', '333', 0, NULL),
(114, 333, '2021-11-22', '2021-11-29', '333', 0, NULL),
(115, 333, '2021-11-22', '2021-11-29', '333', 0, NULL),
(116, 333, '2021-11-22', '2021-11-29', '333', 0, NULL),
(117, 333, '2021-11-22', '2021-11-29', '333', 0, NULL),
(118, 333, '2021-11-22', '2021-11-29', '333', 0, NULL),
(119, 333, '2021-11-22', '2021-11-29', '333', 0, NULL),
(120, 333, '2021-11-22', '2021-11-29', '333', 0, NULL),
(121, 333, '2021-11-22', '2021-11-29', '333', 0, NULL),
(122, 333, '2021-11-22', '2021-11-29', '333', 0, NULL),
(123, 333, '2021-11-22', '2021-11-29', '333', 0, NULL),
(124, 333, '2021-11-22', '2021-11-29', '333', 0, NULL),
(125, 333, '2021-11-22', '2021-11-29', '333', 0, NULL),
(126, 333, '2021-11-22', '2021-11-29', '333', 0, NULL),
(127, 333, '2021-11-22', '2021-11-29', '333', 0, NULL),
(128, 333, '2021-11-22', '2021-11-29', '333', 0, NULL),
(129, 333, '2021-11-22', '2021-11-29', '333', 0, NULL),
(130, 333, '2021-11-22', '2021-11-29', '333', 0, NULL),
(131, 333, '2021-11-22', '2021-11-29', '333', 0, NULL),
(132, 333, '2021-11-22', '2021-11-29', '333', 0, NULL),
(133, 333, '2021-11-22', '2021-11-29', '333', 0, NULL),
(134, 333, '2021-11-22', '2021-11-29', '333', 0, NULL),
(135, 333, '2021-11-22', '2021-11-29', '333', 0, NULL),
(136, 333, '2021-11-22', '2021-11-29', '333', 0, NULL),
(137, 333, '2021-11-22', '2021-11-29', '333', 0, NULL),
(138, 333, '2021-11-22', '2021-11-29', '333', 0, NULL),
(139, 333, '2021-11-22', '2021-11-29', '333', 0, NULL),
(140, 333, '2021-11-22', '2021-11-29', '333', 0, NULL),
(141, 333, '2021-11-22', '2021-11-29', '333', 0, NULL),
(142, 333, '2021-11-22', '2021-11-29', '333', 0, NULL),
(143, 333, '2021-11-22', '2021-11-29', '333', 0, NULL),
(144, 333, '2021-11-22', '2021-11-29', '333', 0, NULL),
(145, 333, '2021-11-22', '2021-11-29', '333', 0, NULL),
(146, 333, '2021-11-22', '2021-11-29', '333', 0, NULL),
(147, 333, '2021-11-22', '2021-11-29', '333', 0, NULL),
(148, 333, '2021-11-22', '2021-11-29', '333', 0, NULL),
(149, 333, '2021-11-22', '2021-11-29', '333', 0, NULL),
(150, 333, '2021-11-22', '2021-11-29', '333', 0, NULL),
(151, 333, '2021-11-22', '2021-11-29', '333', 0, NULL),
(152, 333, '2021-11-22', '2021-11-29', '333', 0, NULL),
(153, 333, '2021-11-22', '2021-11-29', '333', 0, NULL),
(154, 333, '2021-11-22', '2021-11-29', '333', 0, NULL),
(155, 333, '2021-11-22', '2021-11-29', '333', 0, NULL),
(156, 333, '2021-11-22', '2021-11-29', '333', 0, NULL),
(157, 333, '2021-11-22', '2021-11-29', '333', 0, NULL),
(158, 333, '2021-11-22', '2021-11-29', '333', 0, NULL),
(159, 333, '2021-11-22', '2021-11-29', '333', 0, NULL),
(160, 333, '2021-11-22', '2021-11-29', '333', 0, NULL),
(161, 333, '2021-11-22', '2021-11-29', '333', 0, NULL),
(162, 333, '2021-11-22', '2021-11-29', '333', 0, NULL),
(163, 333, '2021-11-22', '2021-11-29', '333', 0, NULL),
(164, 333, '2021-11-22', '2021-11-29', '333', 0, NULL),
(165, 333, '2021-11-22', '2021-11-29', '333', 0, NULL),
(166, 333, '2021-11-22', '2021-11-29', '333', 0, NULL),
(167, 333, '2021-11-22', '2021-11-29', '333', 0, NULL),
(168, 333, '2021-11-22', '2021-11-29', '333', 0, NULL),
(169, 333, '2021-11-22', '2021-11-29', '333', 0, NULL),
(170, 333, '2021-11-22', '2021-11-29', '333', 0, NULL),
(171, 333, '2021-11-22', '2021-11-29', '333', 0, NULL),
(172, 333, '2021-11-22', '2021-11-29', '333', 0, NULL),
(173, 333, '2021-11-22', '2021-11-29', '333', 0, NULL),
(174, 333, '2021-11-22', '2021-11-29', '333', 0, NULL),
(175, 333, '2021-11-22', '2021-11-29', '333', 0, NULL),
(176, 333, '2021-11-22', '2021-11-29', '333', 0, NULL),
(177, 333, '2021-11-22', '2021-11-29', '333', 0, NULL),
(178, 333, '2021-11-22', '2021-11-29', '333', 0, NULL),
(179, 333, '2021-11-22', '2021-11-29', '333', 0, NULL),
(180, 333, '2021-11-22', '2021-11-29', '333', 0, NULL),
(181, 333, '2021-11-22', '2021-11-29', '333', 0, NULL),
(182, 333, '2021-11-22', '2021-11-29', '333', 0, NULL),
(183, 333, '2021-11-22', '2021-11-29', '333', 0, NULL),
(184, 333, '2021-11-22', '2021-11-29', '333', 0, NULL),
(185, 333, '2021-11-22', '2021-11-29', '333', 0, NULL),
(186, 333, '2021-11-22', '2021-11-29', '333', 0, NULL),
(187, 333, '2021-11-22', '2021-11-29', '333', 0, NULL),
(188, 333, '2021-11-22', '2021-11-29', '333', 0, NULL),
(189, 333, '2021-11-22', '2021-11-29', '333', 0, NULL),
(190, 333, '2021-11-22', '2021-11-29', '333', 0, NULL),
(191, 333, '2021-11-22', '2021-11-29', '333', 0, NULL),
(192, 333, '2021-11-22', '2021-11-29', '333', 0, NULL),
(193, 333, '2021-11-22', '2021-11-29', '333', 0, NULL),
(194, 333, '2021-11-22', '2021-11-29', '333', 0, NULL),
(195, 333, '2021-11-22', '2021-11-29', '333', 0, NULL),
(196, 333, '2021-11-22', '2021-11-29', '333', 0, NULL),
(197, 333, '2021-11-22', '2021-11-29', '333', 0, NULL),
(198, 333, '2021-11-22', '2021-11-29', '333', 0, NULL),
(199, 333, '2021-11-22', '2021-11-29', '333', 0, NULL),
(200, 333, '2021-11-22', '2021-11-29', '333', 0, NULL),
(201, 333, '2021-11-22', '2021-11-29', '333', 0, NULL),
(202, 333, '2021-11-22', '2021-11-29', '333', 0, NULL),
(203, 333, '2021-11-22', '2021-11-29', '333', 0, NULL),
(204, 333, '2021-11-22', '2021-11-29', '333', 0, NULL),
(205, 333, '2021-11-22', '2021-11-29', '333', 0, NULL),
(206, 333, '2021-11-22', '2021-11-29', '333', 0, NULL),
(207, 333, '2021-11-22', '2021-11-29', '333', 0, NULL),
(208, 333, '2021-11-22', '2021-11-29', '333', 0, NULL),
(209, 333, '2021-11-22', '2021-11-29', '333', 0, NULL),
(210, 333, '2021-11-22', '2021-11-29', '333', 0, NULL),
(211, 333, '2021-11-22', '2021-11-29', '333', 0, NULL),
(212, 333, '2021-11-22', '2021-11-29', '333', 0, NULL),
(213, 333, '2021-11-22', '2021-11-29', '333', 0, NULL),
(214, 333, '2021-11-22', '2021-11-29', '333', 0, NULL),
(215, 333, '2021-11-22', '2021-11-29', '333', 0, NULL),
(216, 333, '2021-11-22', '2021-11-29', '333', 0, NULL),
(217, 333, '2021-11-22', '2021-11-29', '333', 0, NULL),
(218, 333, '2021-11-22', '2021-11-29', '333', 0, NULL),
(219, 333, '2021-11-22', '2021-11-29', '333', 0, NULL),
(220, 333, '2021-11-22', '2021-11-29', '333', 0, NULL),
(221, 333, '2021-11-22', '2021-11-29', '333', 0, NULL),
(222, 333, '2021-11-22', '2021-11-29', '333', 0, NULL),
(223, 333, '2021-11-22', '2021-11-29', '333', 0, NULL),
(224, 333, '2021-11-22', '2021-11-29', '333', 0, NULL),
(225, 333, '2021-11-22', '2021-11-29', '333', 0, NULL),
(226, 333, '2021-11-22', '2021-11-29', '333', 0, NULL),
(227, 333, '2021-11-22', '2021-11-29', '333', 0, NULL),
(228, 333, '2021-11-22', '2021-11-29', '333', 0, NULL),
(229, 333, '2021-11-22', '2021-11-29', '333', 0, NULL),
(230, 333, '2021-11-22', '2021-11-29', '333', 0, NULL),
(231, 333, '2021-11-22', '2021-11-29', '333', 0, NULL),
(232, 333, '2021-11-22', '2021-11-29', '333', 0, NULL),
(233, 333, '2021-11-22', '2021-11-29', '333', 0, NULL),
(234, 333, '2021-11-22', '2021-11-29', '333', 0, NULL),
(235, 333, '2021-11-22', '2021-11-29', '333', 0, NULL),
(236, 333, '2021-11-22', '2021-11-29', '333', 0, NULL),
(237, 333, '2021-11-22', '2021-11-29', '333', 0, NULL),
(238, 333, '2021-11-22', '2021-11-29', '333', 0, NULL),
(239, 333, '2021-11-22', '2021-11-29', '333', 0, NULL),
(240, 333, '2021-11-22', '2021-11-29', '333', 0, NULL),
(241, 333, '2021-11-22', '2021-11-29', '333', 0, NULL),
(242, 333, '2021-11-22', '2021-11-29', '333', 0, NULL),
(243, 333, '2021-11-22', '2021-11-29', '333', 0, NULL),
(244, 333, '2021-11-22', '2021-11-29', '333', 0, NULL),
(245, 333, '2021-11-22', '2021-11-29', '333', 0, NULL),
(246, 333, '2021-11-22', '2021-11-29', '333', 0, NULL),
(247, 333, '2021-11-22', '2021-11-29', '333', 0, NULL),
(248, 333, '2021-11-22', '2021-11-29', '333', 0, NULL),
(249, 333, '2021-11-22', '2021-11-29', '333', 0, NULL),
(250, 333, '2021-11-22', '2021-11-29', '333', 0, NULL),
(251, 333, '2021-11-22', '2021-11-29', '333', 0, NULL),
(252, 333, '2021-11-22', '2021-11-29', '333', 0, NULL),
(253, 333, '2021-11-22', '2021-11-29', '333', 0, NULL),
(254, 333, '2021-11-22', '2021-11-29', '333', 0, NULL),
(255, 333, '2021-11-22', '2021-11-29', '333', 0, NULL),
(256, 333, '2021-11-22', '2021-11-29', '333', 0, NULL),
(257, 333, '2021-11-22', '2021-11-29', '333', 0, NULL),
(258, 333, '2021-11-22', '2021-11-29', '333', 0, NULL),
(259, 333, '2021-11-22', '2021-11-29', '333', 0, NULL),
(260, 333, '2021-11-22', '2021-11-29', '333', 0, NULL),
(261, 333, '2021-11-22', '2021-11-29', '333', 0, NULL),
(262, 333, '2021-11-22', '2021-11-29', '333', 0, NULL),
(263, 333, '2021-11-22', '2021-11-29', '333', 0, NULL),
(264, 333, '2021-11-22', '2021-11-29', '333', 0, NULL),
(265, 333, '2021-11-22', '2021-11-29', '333', 0, NULL),
(266, 333, '2021-11-22', '2021-11-29', '333', 0, NULL),
(267, 333, '2021-11-22', '2021-11-29', '333', 0, NULL),
(268, 333, '2021-11-22', '2021-11-29', '333', 0, NULL),
(269, 333, '2021-11-22', '2021-11-29', '333', 0, NULL),
(270, 333, '2021-11-22', '2021-11-29', '333', 0, NULL),
(271, 333, '2021-11-22', '2021-11-29', '333', 0, NULL),
(272, 333, '2021-11-22', '2021-11-29', '333', 0, NULL),
(273, 333, '2021-11-22', '2021-11-29', '333', 0, NULL),
(274, 333, '2021-11-22', '2021-11-29', '333', 0, NULL),
(275, 333, '2021-11-22', '2021-11-29', '333', 0, NULL),
(276, 333, '2021-11-22', '2021-11-29', '333', 0, NULL),
(277, 333, '2021-11-22', '2021-11-29', '333', 0, NULL),
(278, 333, '2021-11-22', '2021-11-29', '333', 0, NULL),
(279, 333, '2021-11-22', '2021-11-29', '333', 0, NULL),
(280, 333, '2021-11-22', '2021-11-29', '333', 0, NULL),
(281, 333, '2021-11-22', '2021-11-29', '333', 0, NULL),
(282, 333, '2021-11-22', '2021-11-29', '333', 0, NULL),
(283, 333, '2021-11-22', '2021-11-29', '333', 0, NULL),
(284, 333, '2021-11-22', '2021-11-29', '333', 0, NULL),
(285, 333, '2021-11-22', '2021-11-29', '333', 0, NULL),
(286, 333, '2021-11-22', '2021-11-29', '333', 0, NULL),
(287, 333, '2021-11-22', '2021-11-29', '333', 0, NULL),
(288, 333, '2021-11-22', '2021-11-29', '333', 0, NULL),
(289, 333, '2021-11-22', '2021-11-29', '333', 0, NULL),
(290, 333, '2021-11-22', '2021-11-29', '333', 0, NULL),
(291, 333, '2021-11-22', '2021-11-29', '333', 0, NULL),
(292, 333, '2021-11-22', '2021-11-29', '333', 0, NULL),
(293, 333, '2021-11-22', '2021-11-29', '333', 0, NULL),
(294, 333, '2021-11-22', '2021-11-29', '333', 0, NULL),
(295, 333, '2021-11-22', '2021-11-29', '333', 0, NULL),
(296, 333, '2021-11-22', '2021-11-29', '333', 0, NULL),
(297, 333, '2021-11-22', '2021-11-29', '333', 0, NULL),
(298, 333, '2021-11-22', '2021-11-29', '333', 0, NULL),
(299, 333, '2021-11-22', '2021-11-29', '333', 0, NULL),
(300, 333, '2021-11-22', '2021-11-29', '333', 0, NULL),
(301, 333, '2021-11-22', '2021-11-29', '333', 0, NULL),
(302, 333, '2021-11-22', '2021-11-29', '333', 0, NULL),
(303, 333, '2021-11-22', '2021-11-29', '333', 0, NULL),
(304, 333, '2021-11-22', '2021-11-29', '333', 0, NULL),
(305, 333, '2021-11-22', '2021-11-29', '333', 0, NULL),
(306, 333, '2021-11-22', '2021-11-29', '333', 0, NULL),
(307, 333, '2021-11-22', '2021-11-29', '333', 0, NULL),
(308, 333, '2021-11-22', '2021-11-29', '333', 0, NULL),
(309, 333, '2021-11-22', '2021-11-29', '333', 0, NULL),
(310, 333, '2021-11-22', '2021-11-29', '333', 0, NULL),
(311, 333, '2021-11-22', '2021-11-29', '333', 0, NULL),
(312, 333, '2021-11-22', '2021-11-29', '333', 0, NULL),
(313, 333, '2021-11-22', '2021-11-29', '333', 0, NULL),
(314, 333, '2021-11-22', '2021-11-29', '333', 0, NULL),
(315, 333, '2021-11-22', '2021-11-29', '333', 0, NULL),
(316, 333, '2021-11-22', '2021-11-29', '333', 0, NULL),
(317, 333, '2021-11-22', '2021-11-29', '333', 0, NULL),
(318, 333, '2021-11-22', '2021-11-29', '333', 0, NULL),
(319, 333, '2021-11-22', '2021-11-29', '333', 0, NULL),
(320, 333, '2021-11-22', '2021-11-29', '333', 0, NULL),
(321, 333, '2021-11-22', '2021-11-29', '333', 0, NULL),
(322, 333, '2021-11-22', '2021-11-29', '333', 0, NULL),
(323, 333, '2021-11-22', '2021-11-29', '333', 0, NULL),
(324, 333, '2021-11-22', '2021-11-29', '333', 0, NULL),
(325, 333, '2021-11-22', '2021-11-29', '333', 0, NULL),
(326, 333, '2021-11-22', '2021-11-29', '333', 0, NULL),
(327, 333, '2021-11-22', '2021-11-29', '333', 0, NULL),
(328, 333, '2021-11-22', '2021-11-29', '333', 0, NULL),
(329, 333, '2021-11-22', '2021-11-29', '333', 0, NULL),
(330, 333, '2021-11-22', '2021-11-29', '333', 0, NULL),
(331, 333, '2021-11-22', '2021-11-29', '333', 0, NULL),
(332, 333, '2021-11-22', '2021-11-29', '333', 0, NULL),
(333, 333, '2021-11-22', '2021-11-29', '333', 0, NULL),
(334, 333, '2021-11-22', '2021-11-29', '333', 0, NULL),
(335, 333, '2021-11-22', '2021-11-29', '333', 0, NULL),
(336, 333, '2021-11-22', '2021-11-29', '333', 0, NULL),
(337, 333, '2021-11-22', '2021-11-29', '333', 0, NULL),
(338, 333, '2021-11-22', '2021-11-29', '333', 0, NULL),
(339, 333, '2021-11-22', '2021-11-29', '333', 0, NULL),
(340, 333, '2021-11-22', '2021-11-29', '333', 0, NULL),
(341, 333, '2021-11-22', '2021-11-29', '333', 0, NULL),
(342, 333, '2021-11-22', '2021-11-29', '333', 0, NULL),
(343, 333, '2021-11-22', '2021-11-29', '333', 0, NULL),
(344, 333, '2021-11-22', '2021-11-29', '333', 0, NULL),
(345, 333, '2021-11-22', '2021-11-29', '333', 0, NULL),
(346, 333, '2021-11-22', '2021-11-29', '333', 0, NULL),
(347, 333, '2021-11-22', '2021-11-29', '333', 0, NULL),
(348, 333, '2021-11-22', '2021-11-29', '333', 0, NULL),
(349, 333, '2021-11-22', '2021-11-29', '333', 0, NULL),
(350, 333, '2021-11-22', '2021-11-29', '333', 0, NULL),
(351, 333, '2021-11-22', '2021-11-29', '333', 0, NULL),
(352, 333, '2021-11-22', '2021-11-29', '333', 0, NULL),
(353, 333, '2021-11-22', '2021-11-29', '333', 0, NULL),
(354, 333, '2021-11-22', '2021-11-29', '333', 0, NULL),
(355, 333, '2021-11-22', '2021-11-29', '333', 0, NULL),
(356, 333, '2021-11-22', '2021-11-29', '333', 0, NULL),
(357, 333, '2021-11-22', '2021-11-29', '333', 0, NULL),
(358, 333, '2021-11-22', '2021-11-29', '333', 0, NULL),
(359, 333, '2021-11-22', '2021-11-29', '333', 0, NULL),
(360, 333, '2021-11-22', '2021-11-29', '333', 0, NULL),
(361, 333, '2021-11-22', '2021-11-29', '333', 0, NULL),
(362, 333, '2021-11-22', '2021-11-29', '333', 0, NULL),
(363, 333, '2021-11-22', '2021-11-29', '333', 0, NULL),
(364, 333, '2021-11-22', '2021-11-29', '333', 0, NULL),
(365, 333, '2021-11-22', '2021-11-29', '333', 0, NULL),
(366, 333, '2021-11-22', '2021-11-29', '333', 0, NULL),
(367, 333, '2021-11-22', '2021-11-29', '333', 0, NULL),
(368, 333, '2021-11-22', '2021-11-29', '333', 0, NULL),
(369, 333, '2021-11-22', '2021-11-29', '333', 0, NULL),
(370, 333, '2021-11-22', '2021-11-29', '333', 0, NULL),
(371, 333, '2021-11-22', '2021-11-29', '333', 0, NULL),
(372, 333, '2021-11-22', '2021-11-29', '333', 0, NULL),
(373, 333, '2021-11-22', '2021-11-29', '333', 0, NULL),
(374, 333, '2021-11-22', '2021-11-29', '333', 0, NULL),
(375, 333, '2021-11-22', '2021-11-29', '333', 0, NULL),
(376, 333, '2021-11-22', '2021-11-29', '333', 0, NULL),
(377, 333, '2021-11-22', '2021-11-29', '333', 0, NULL),
(378, 333, '2021-11-22', '2021-11-29', '333', 0, NULL),
(379, 333, '2021-11-22', '2021-11-29', '333', 0, NULL),
(380, 333, '2021-11-22', '2021-11-29', '333', 0, NULL),
(381, 555, '2021-12-02', '2021-11-29', '5555', 0, NULL),
(382, 555, '2021-12-02', '2021-11-29', '5555', 0, NULL),
(383, 555, '2021-12-02', '2021-11-29', '5555', 0, NULL),
(384, 555, '2021-12-02', '2021-11-29', '5555', 0, NULL),
(385, 555, '2021-12-02', '2021-11-29', '5555', 0, NULL),
(386, 2500, '2021-11-28', '2021-12-04', 'Блок 1.', 0, NULL),
(387, 2500, '2021-11-28', '2021-12-04', 'Блок 1.', 0, NULL),
(388, 2500, '2021-11-28', '2021-12-04', 'Блок 1.', 0, NULL),
(389, 5000, '2021-11-28', '2021-12-04', 'Блок 1.', 0, NULL),
(390, 5000, '2021-11-28', '2021-12-04', 'Блок 1.', 0, NULL),
(391, 5000, '2021-11-28', '2021-12-04', 'Блок 1.', 0, NULL),
(392, 5000, '2021-11-28', '2021-12-04', 'Блок 1.', 0, NULL),
(393, 5000, '2021-11-28', '2021-12-04', 'Блок 1.', 0, NULL),
(394, 9000, '2021-11-29', '2021-12-04', 'fdg', 0, NULL),
(395, 9000, '2021-11-29', '2021-12-04', 'fdg', 0, NULL),
(396, 9000, '2021-11-29', '2021-12-04', 'fdg', 0, NULL),
(397, 6000, '2021-11-28', '2021-11-29', 'Блок 1.', 0, NULL),
(398, 6000, '2021-11-28', '2021-12-04', 'Блок 1.', 0, NULL),
(399, 6000, '2021-11-28', '2021-12-04', 'Блок 1.', 0, NULL),
(400, 31, '2021-12-04', '2021-12-04', '999', 0, NULL),
(401, 11, '2021-12-04', '2021-12-05', '999', 0, 39),
(402, 4000, '2021-12-05', '2021-12-27', 'r32r', 391, 40),
(404, 5000, '2021-12-05', '2021-12-05', 'jfjfj', 392, 33),
(406, 5000, '2021-12-05', '2021-12-15', 'jgjgj', 392, 33),
(407, 5000, '2021-12-05', '2021-12-05', 'jfjfj', 393, 33),
(408, 5000, '2021-12-05', '2021-12-05', 'jfjfj', 393, 33),
(409, 5500, '2021-12-05', '2021-12-05', 'jfjfj', 393, 33),
(410, 5000, '2021-12-05', '2021-12-05', 'jfjfj', 393, 33),
(411, 5000, '2021-12-05', '2021-12-27', 'dhdhf', 394, 38),
(412, 6000, '2021-12-05', '2021-12-05', 'dhdhf', 394, 34),
(413, 7000, '2021-12-05', '2021-12-05', 'dhdhf', 394, 34),
(414, 39999, '2021-12-26', NULL, 'Блок 1.', 395, NULL),
(415, 39999, '2021-12-26', NULL, 'Блок 1.', 395, NULL),
(416, 6499, '2021-12-27', NULL, 'Блок 1.', 396, NULL),
(417, 6499, '2021-12-27', NULL, 'Блок 1.', 396, NULL),
(418, 6499, '2021-12-27', NULL, 'Блок 1.', 396, NULL),
(419, 13759, '2021-12-27', NULL, 'Блок 3', 398, NULL),
(420, 8299, '2021-12-27', NULL, 'Блок 1.', 399, NULL),
(421, 33999, '2021-12-27', NULL, 'Блок 1.', 400, NULL),
(422, 33999, '2021-12-27', NULL, 'Блок 1.', 400, NULL),
(423, 17999, '2021-12-27', NULL, 'Блок 1.', 401, NULL),
(424, 17999, '2021-12-27', NULL, 'Блок 1.', 402, NULL),
(425, 7699, '2021-12-27', NULL, 'Блок 2', 403, NULL),
(426, 7699, '2021-12-27', NULL, 'Блок 2', 404, NULL),
(427, 7699, '2021-12-27', NULL, 'Блок 2', 404, NULL),
(428, 1999, '2021-12-27', NULL, 'Блок 1.', 405, NULL),
(429, 1999, '2021-12-27', NULL, 'Блок 1.', 405, NULL),
(430, 1999, '2021-12-27', NULL, 'Блок 1.', 405, NULL),
(431, 3500, '2021-12-27', '2021-12-27', 'gfh675', 406, 42),
(432, 3500, '2021-12-27', NULL, 'Блок 4', 407, NULL),
(433, 3500, '2021-12-27', NULL, 'Блок 4', 407, NULL),
(434, 5000, '2021-12-27', NULL, 'Блок 1.', 408, NULL),
(435, 5000, '2021-12-27', NULL, 'Блок 1.', 408, NULL),
(436, 6999, '2021-12-27', NULL, 'Блок 1.', 409, NULL);

-- --------------------------------------------------------

--
-- Структура таблицы `storage`
--

CREATE TABLE `storage` (
  `id` int(11) NOT NULL,
  `workerId` int(11) NOT NULL,
  `SccId` int(11) NOT NULL,
  `itemId` int(11) DEFAULT NULL
) ENGINE=InnoDB AVG_ROW_LENGTH=1638 DEFAULT CHARSET=utf8mb4 COLLATE=utf8mb4_unicode_ci;

--
-- Дамп данных таблицы `storage`
--

INSERT INTO `storage` (`id`, `workerId`, `SccId`, `itemId`) VALUES
(397, 2, 414, 26),
(398, 2, 415, 26),
(399, 2, 416, 27),
(400, 2, 417, 27),
(401, 2, 418, 27),
(402, 2, 419, 28),
(403, 2, 420, 29),
(404, 2, 421, 30),
(405, 2, 422, 30),
(407, 2, 424, 31),
(409, 2, 426, 32),
(410, 2, 427, 32),
(411, 2, 428, 33),
(412, 2, 429, 33),
(413, 2, 430, 33),
(415, 2, 432, 22),
(416, 2, 433, 22),
(417, 2, 434, 23),
(418, 2, 435, 23),
(419, 2, 436, 25);

-- --------------------------------------------------------

--
-- Структура таблицы `waybill`
--

CREATE TABLE `waybill` (
  `id` int(11) NOT NULL,
  `createdDate` date NOT NULL,
  `itemId` int(11) NOT NULL,
  `count` int(11) NOT NULL,
  `price` int(11) NOT NULL,
  `waybillName` varchar(255) COLLATE utf8mb4_unicode_ci DEFAULT NULL,
  `recipientId` int(11) DEFAULT NULL
) ENGINE=InnoDB DEFAULT CHARSET=utf8mb4 COLLATE=utf8mb4_unicode_ci;

--
-- Дамп данных таблицы `waybill`
--

INSERT INTO `waybill` (`id`, `createdDate`, `itemId`, `count`, `price`, `waybillName`, `recipientId`) VALUES
(1, '2021-09-29', 1, 1, 4000, 't546gf4', 3),
(2, '2021-09-29', 2, 1, 5000, 'ghg5ju7', 3),
(3, '2021-09-30', 3, 1, 6000, 'dr5yu87', 3),
(4, '2021-10-01', 4, 1, 2500, 'zxddf4r', 3),
(5, '2021-10-01', 5, 2, 5000, 'juit5s8', 3),
(6, '2021-11-20', 5, 777, 777, '777', 3),
(7, '2021-11-28', 1, 999, 999, '999', 3),
(9, '9999-09-09', 1, 999, 99, '999', 3),
(10, '2021-11-19', 1, 999, 999, '999', 3),
(11, '2021-11-21', 5, 888, 888, '888', 3),
(12, '2021-11-19', 1, 888, 88, '888', 3),
(13, '2021-11-18', 2, 1111, 1111, '1111', 3),
(14, '2021-11-14', 4, 2, 22, 'fhhfgh', 2),
(15, '2021-11-14', 4, 2, 22, 'fhhfgh', 2),
(16, '2021-11-15', 5, 5, 6000, 'fhhfgh', 2),
(17, '2021-11-15', 5, 5, 6000, 'fhhfgh', 2),
(18, '2021-11-15', 5, 5, 6000, 'fhhfgh', 2),
(19, '2021-11-15', 5, 5, 6000, 'fhhfgh', 2),
(20, '2021-11-15', 5, 5, 6000, 'fhhfgh', 2),
(21, '2021-11-15', 3, 1, 7000, 'еепвапвап', 2),
(22, '2021-11-28', 6, 1, 1500, 'fhhfgh', 2),
(23, '2021-11-22', 7, 2, 2000, 'гусь777', 2),
(24, '2021-11-22', 7, 2, 2000, 'гусь777', 2),
(25, '2021-11-22', 8, 1, 300, '228', 2),
(26, '2021-11-26', 10, 1, 33, '234', 2),
(27, '2021-11-19', 21, 2, 333, 'fhhfgh', 2),
(28, '2021-11-28', 20, 2, 33, 'fhhfgh', 2),
(29, '2021-11-28', 20, 2, 33, 'fhhfgh', 2),
(30, '2021-11-28', 20, 2, 33, 'fhhfgh', 2),
(31, '2021-11-28', 20, 2, 33, 'fhhfgh', 2),
(32, '2021-11-12', 17, 2, 333, 'fhhfgh', 2),
(33, '2021-11-12', 17, 2, 333, 'fhhfgh', 2),
(34, '2021-11-28', 15, 3, 33, 'fhhfgh', 2),
(35, '2021-11-28', 15, 3, 33, 'fhhfgh', 2),
(36, '2021-11-28', 15, 3, 33, 'fhhfgh', 2),
(37, '2021-11-22', 16, 333, 333, '333', 2),
(38, '2021-11-22', 16, 333, 333, '333', 2),
(39, '2021-11-22', 16, 333, 333, '333', 2),
(40, '2021-11-22', 16, 333, 333, '333', 2),
(41, '2021-11-22', 16, 333, 333, '333', 2),
(42, '2021-11-22', 16, 333, 333, '333', 2),
(43, '2021-11-22', 16, 333, 333, '333', 2),
(44, '2021-11-22', 16, 333, 333, '333', 2),
(45, '2021-11-22', 16, 333, 333, '333', 2),
(46, '2021-11-22', 16, 333, 333, '333', 2),
(47, '2021-11-22', 16, 333, 333, '333', 2),
(48, '2021-11-22', 16, 333, 333, '333', 2),
(49, '2021-11-22', 16, 333, 333, '333', 2),
(50, '2021-11-22', 16, 333, 333, '333', 2),
(51, '2021-11-22', 16, 333, 333, '333', 2),
(52, '2021-11-22', 16, 333, 333, '333', 2),
(53, '2021-11-22', 16, 333, 333, '333', 2),
(54, '2021-11-22', 16, 333, 333, '333', 2),
(55, '2021-11-22', 16, 333, 333, '333', 2),
(56, '2021-11-22', 16, 333, 333, '333', 2),
(57, '2021-11-22', 16, 333, 333, '333', 2),
(58, '2021-11-22', 16, 333, 333, '333', 2),
(59, '2021-11-22', 16, 333, 333, '333', 2),
(60, '2021-11-22', 16, 333, 333, '333', 2),
(61, '2021-11-22', 16, 333, 333, '333', 2),
(62, '2021-11-22', 16, 333, 333, '333', 2),
(63, '2021-11-22', 16, 333, 333, '333', 2),
(64, '2021-11-22', 16, 333, 333, '333', 2),
(65, '2021-11-22', 16, 333, 333, '333', 2),
(66, '2021-11-22', 16, 333, 333, '333', 2),
(67, '2021-11-22', 16, 333, 333, '333', 2),
(68, '2021-11-22', 16, 333, 333, '333', 2),
(69, '2021-11-22', 16, 333, 333, '333', 2),
(70, '2021-11-22', 16, 333, 333, '333', 2),
(71, '2021-11-22', 16, 333, 333, '333', 2),
(72, '2021-11-22', 16, 333, 333, '333', 2),
(73, '2021-11-22', 16, 333, 333, '333', 2),
(74, '2021-11-22', 16, 333, 333, '333', 2),
(75, '2021-11-22', 16, 333, 333, '333', 2),
(76, '2021-11-22', 16, 333, 333, '333', 2),
(77, '2021-11-22', 16, 333, 333, '333', 2),
(78, '2021-11-22', 16, 333, 333, '333', 2),
(79, '2021-11-22', 16, 333, 333, '333', 2),
(80, '2021-11-22', 16, 333, 333, '333', 2),
(81, '2021-11-22', 16, 333, 333, '333', 2),
(82, '2021-11-22', 16, 333, 333, '333', 2),
(83, '2021-11-22', 16, 333, 333, '333', 2),
(84, '2021-11-22', 16, 333, 333, '333', 2),
(85, '2021-11-22', 16, 333, 333, '333', 2),
(86, '2021-11-22', 16, 333, 333, '333', 2),
(87, '2021-11-22', 16, 333, 333, '333', 2),
(88, '2021-11-22', 16, 333, 333, '333', 2),
(89, '2021-11-22', 16, 333, 333, '333', 2),
(90, '2021-11-22', 16, 333, 333, '333', 2),
(91, '2021-11-22', 16, 333, 333, '333', 2),
(92, '2021-11-22', 16, 333, 333, '333', 2),
(93, '2021-11-22', 16, 333, 333, '333', 2),
(94, '2021-11-22', 16, 333, 333, '333', 2),
(95, '2021-11-22', 16, 333, 333, '333', 2),
(96, '2021-11-22', 16, 333, 333, '333', 2),
(97, '2021-11-22', 16, 333, 333, '333', 2),
(98, '2021-11-22', 16, 333, 333, '333', 2),
(99, '2021-11-22', 16, 333, 333, '333', 2),
(100, '2021-11-22', 16, 333, 333, '333', 2),
(101, '2021-11-22', 16, 333, 333, '333', 2),
(102, '2021-11-22', 16, 333, 333, '333', 2),
(103, '2021-11-22', 16, 333, 333, '333', 2),
(104, '2021-11-22', 16, 333, 333, '333', 2),
(105, '2021-11-22', 16, 333, 333, '333', 2),
(106, '2021-11-22', 16, 333, 333, '333', 2),
(107, '2021-11-22', 16, 333, 333, '333', 2),
(108, '2021-11-22', 16, 333, 333, '333', 2),
(109, '2021-11-22', 16, 333, 333, '333', 2),
(110, '2021-11-22', 16, 333, 333, '333', 2),
(111, '2021-11-22', 16, 333, 333, '333', 2),
(112, '2021-11-22', 16, 333, 333, '333', 2),
(113, '2021-11-22', 16, 333, 333, '333', 2),
(114, '2021-11-22', 16, 333, 333, '333', 2),
(115, '2021-11-22', 16, 333, 333, '333', 2),
(116, '2021-11-22', 16, 333, 333, '333', 2),
(117, '2021-11-22', 16, 333, 333, '333', 2),
(118, '2021-11-22', 16, 333, 333, '333', 2),
(119, '2021-11-22', 16, 333, 333, '333', 2),
(120, '2021-11-22', 16, 333, 333, '333', 2),
(121, '2021-11-22', 16, 333, 333, '333', 2),
(122, '2021-11-22', 16, 333, 333, '333', 2),
(123, '2021-11-22', 16, 333, 333, '333', 2),
(124, '2021-11-22', 16, 333, 333, '333', 2),
(125, '2021-11-22', 16, 333, 333, '333', 2),
(126, '2021-11-22', 16, 333, 333, '333', 2),
(127, '2021-11-22', 16, 333, 333, '333', 2),
(128, '2021-11-22', 16, 333, 333, '333', 2),
(129, '2021-11-22', 16, 333, 333, '333', 2),
(130, '2021-11-22', 16, 333, 333, '333', 2),
(131, '2021-11-22', 16, 333, 333, '333', 2),
(132, '2021-11-22', 16, 333, 333, '333', 2),
(133, '2021-11-22', 16, 333, 333, '333', 2),
(134, '2021-11-22', 16, 333, 333, '333', 2),
(135, '2021-11-22', 16, 333, 333, '333', 2),
(136, '2021-11-22', 16, 333, 333, '333', 2),
(137, '2021-11-22', 16, 333, 333, '333', 2),
(138, '2021-11-22', 16, 333, 333, '333', 2),
(139, '2021-11-22', 16, 333, 333, '333', 2),
(140, '2021-11-22', 16, 333, 333, '333', 2),
(141, '2021-11-22', 16, 333, 333, '333', 2),
(142, '2021-11-22', 16, 333, 333, '333', 2),
(143, '2021-11-22', 16, 333, 333, '333', 2),
(144, '2021-11-22', 16, 333, 333, '333', 2),
(145, '2021-11-22', 16, 333, 333, '333', 2),
(146, '2021-11-22', 16, 333, 333, '333', 2),
(147, '2021-11-22', 16, 333, 333, '333', 2),
(148, '2021-11-22', 16, 333, 333, '333', 2),
(149, '2021-11-22', 16, 333, 333, '333', 2),
(150, '2021-11-22', 16, 333, 333, '333', 2),
(151, '2021-11-22', 16, 333, 333, '333', 2),
(152, '2021-11-22', 16, 333, 333, '333', 2),
(153, '2021-11-22', 16, 333, 333, '333', 2),
(154, '2021-11-22', 16, 333, 333, '333', 2),
(155, '2021-11-22', 16, 333, 333, '333', 2),
(156, '2021-11-22', 16, 333, 333, '333', 2),
(157, '2021-11-22', 16, 333, 333, '333', 2),
(158, '2021-11-22', 16, 333, 333, '333', 2),
(159, '2021-11-22', 16, 333, 333, '333', 2),
(160, '2021-11-22', 16, 333, 333, '333', 2),
(161, '2021-11-22', 16, 333, 333, '333', 2),
(162, '2021-11-22', 16, 333, 333, '333', 2),
(163, '2021-11-22', 16, 333, 333, '333', 2),
(164, '2021-11-22', 16, 333, 333, '333', 2),
(165, '2021-11-22', 16, 333, 333, '333', 2),
(166, '2021-11-22', 16, 333, 333, '333', 2),
(167, '2021-11-22', 16, 333, 333, '333', 2),
(168, '2021-11-22', 16, 333, 333, '333', 2),
(169, '2021-11-22', 16, 333, 333, '333', 2),
(170, '2021-11-22', 16, 333, 333, '333', 2),
(171, '2021-11-22', 16, 333, 333, '333', 2),
(172, '2021-11-22', 16, 333, 333, '333', 2),
(173, '2021-11-22', 16, 333, 333, '333', 2),
(174, '2021-11-22', 16, 333, 333, '333', 2),
(175, '2021-11-22', 16, 333, 333, '333', 2),
(176, '2021-11-22', 16, 333, 333, '333', 2),
(177, '2021-11-22', 16, 333, 333, '333', 2),
(178, '2021-11-22', 16, 333, 333, '333', 2),
(179, '2021-11-22', 16, 333, 333, '333', 2),
(180, '2021-11-22', 16, 333, 333, '333', 2),
(181, '2021-11-22', 16, 333, 333, '333', 2),
(182, '2021-11-22', 16, 333, 333, '333', 2),
(183, '2021-11-22', 16, 333, 333, '333', 2),
(184, '2021-11-22', 16, 333, 333, '333', 2),
(185, '2021-11-22', 16, 333, 333, '333', 2),
(186, '2021-11-22', 16, 333, 333, '333', 2),
(187, '2021-11-22', 16, 333, 333, '333', 2),
(188, '2021-11-22', 16, 333, 333, '333', 2),
(189, '2021-11-22', 16, 333, 333, '333', 2),
(190, '2021-11-22', 16, 333, 333, '333', 2),
(191, '2021-11-22', 16, 333, 333, '333', 2),
(192, '2021-11-22', 16, 333, 333, '333', 2),
(193, '2021-11-22', 16, 333, 333, '333', 2),
(194, '2021-11-22', 16, 333, 333, '333', 2),
(195, '2021-11-22', 16, 333, 333, '333', 2),
(196, '2021-11-22', 16, 333, 333, '333', 2),
(197, '2021-11-22', 16, 333, 333, '333', 2),
(198, '2021-11-22', 16, 333, 333, '333', 2),
(199, '2021-11-22', 16, 333, 333, '333', 2),
(200, '2021-11-22', 16, 333, 333, '333', 2),
(201, '2021-11-22', 16, 333, 333, '333', 2),
(202, '2021-11-22', 16, 333, 333, '333', 2),
(203, '2021-11-22', 16, 333, 333, '333', 2),
(204, '2021-11-22', 16, 333, 333, '333', 2),
(205, '2021-11-22', 16, 333, 333, '333', 2),
(206, '2021-11-22', 16, 333, 333, '333', 2),
(207, '2021-11-22', 16, 333, 333, '333', 2),
(208, '2021-11-22', 16, 333, 333, '333', 2),
(209, '2021-11-22', 16, 333, 333, '333', 2),
(210, '2021-11-22', 16, 333, 333, '333', 2),
(211, '2021-11-22', 16, 333, 333, '333', 2),
(212, '2021-11-22', 16, 333, 333, '333', 2),
(213, '2021-11-22', 16, 333, 333, '333', 2),
(214, '2021-11-22', 16, 333, 333, '333', 2),
(215, '2021-11-22', 16, 333, 333, '333', 2),
(216, '2021-11-22', 16, 333, 333, '333', 2),
(217, '2021-11-22', 16, 333, 333, '333', 2),
(218, '2021-11-22', 16, 333, 333, '333', 2),
(219, '2021-11-22', 16, 333, 333, '333', 2),
(220, '2021-11-22', 16, 333, 333, '333', 2),
(221, '2021-11-22', 16, 333, 333, '333', 2),
(222, '2021-11-22', 16, 333, 333, '333', 2),
(223, '2021-11-22', 16, 333, 333, '333', 2),
(224, '2021-11-22', 16, 333, 333, '333', 2),
(225, '2021-11-22', 16, 333, 333, '333', 2),
(226, '2021-11-22', 16, 333, 333, '333', 2),
(227, '2021-11-22', 16, 333, 333, '333', 2),
(228, '2021-11-22', 16, 333, 333, '333', 2),
(229, '2021-11-22', 16, 333, 333, '333', 2),
(230, '2021-11-22', 16, 333, 333, '333', 2),
(231, '2021-11-22', 16, 333, 333, '333', 2),
(232, '2021-11-22', 16, 333, 333, '333', 2),
(233, '2021-11-22', 16, 333, 333, '333', 2),
(234, '2021-11-22', 16, 333, 333, '333', 2),
(235, '2021-11-22', 16, 333, 333, '333', 2),
(236, '2021-11-22', 16, 333, 333, '333', 2),
(237, '2021-11-22', 16, 333, 333, '333', 2),
(238, '2021-11-22', 16, 333, 333, '333', 2),
(239, '2021-11-22', 16, 333, 333, '333', 2),
(240, '2021-11-22', 16, 333, 333, '333', 2),
(241, '2021-11-22', 16, 333, 333, '333', 2),
(242, '2021-11-22', 16, 333, 333, '333', 2),
(243, '2021-11-22', 16, 333, 333, '333', 2),
(244, '2021-11-22', 16, 333, 333, '333', 2),
(245, '2021-11-22', 16, 333, 333, '333', 2),
(246, '2021-11-22', 16, 333, 333, '333', 2),
(247, '2021-11-22', 16, 333, 333, '333', 2),
(248, '2021-11-22', 16, 333, 333, '333', 2),
(249, '2021-11-22', 16, 333, 333, '333', 2),
(250, '2021-11-22', 16, 333, 333, '333', 2),
(251, '2021-11-22', 16, 333, 333, '333', 2),
(252, '2021-11-22', 16, 333, 333, '333', 2),
(253, '2021-11-22', 16, 333, 333, '333', 2),
(254, '2021-11-22', 16, 333, 333, '333', 2),
(255, '2021-11-22', 16, 333, 333, '333', 2),
(256, '2021-11-22', 16, 333, 333, '333', 2),
(257, '2021-11-22', 16, 333, 333, '333', 2),
(258, '2021-11-22', 16, 333, 333, '333', 2),
(259, '2021-11-22', 16, 333, 333, '333', 2),
(260, '2021-11-22', 16, 333, 333, '333', 2),
(261, '2021-11-22', 16, 333, 333, '333', 2),
(262, '2021-11-22', 16, 333, 333, '333', 2),
(263, '2021-11-22', 16, 333, 333, '333', 2),
(264, '2021-11-22', 16, 333, 333, '333', 2),
(265, '2021-11-22', 16, 333, 333, '333', 2),
(266, '2021-11-22', 16, 333, 333, '333', 2),
(267, '2021-11-22', 16, 333, 333, '333', 2),
(268, '2021-11-22', 16, 333, 333, '333', 2),
(269, '2021-11-22', 16, 333, 333, '333', 2),
(270, '2021-11-22', 16, 333, 333, '333', 2),
(271, '2021-11-22', 16, 333, 333, '333', 2),
(272, '2021-11-22', 16, 333, 333, '333', 2),
(273, '2021-11-22', 16, 333, 333, '333', 2),
(274, '2021-11-22', 16, 333, 333, '333', 2),
(275, '2021-11-22', 16, 333, 333, '333', 2),
(276, '2021-11-22', 16, 333, 333, '333', 2),
(277, '2021-11-22', 16, 333, 333, '333', 2),
(278, '2021-11-22', 16, 333, 333, '333', 2),
(279, '2021-11-22', 16, 333, 333, '333', 2),
(280, '2021-11-22', 16, 333, 333, '333', 2),
(281, '2021-11-22', 16, 333, 333, '333', 2),
(282, '2021-11-22', 16, 333, 333, '333', 2),
(283, '2021-11-22', 16, 333, 333, '333', 2),
(284, '2021-11-22', 16, 333, 333, '333', 2),
(285, '2021-11-22', 16, 333, 333, '333', 2),
(286, '2021-11-22', 16, 333, 333, '333', 2),
(287, '2021-11-22', 16, 333, 333, '333', 2),
(288, '2021-11-22', 16, 333, 333, '333', 2),
(289, '2021-11-22', 16, 333, 333, '333', 2),
(290, '2021-11-22', 16, 333, 333, '333', 2),
(291, '2021-11-22', 16, 333, 333, '333', 2),
(292, '2021-11-22', 16, 333, 333, '333', 2),
(293, '2021-11-22', 16, 333, 333, '333', 2),
(294, '2021-11-22', 16, 333, 333, '333', 2),
(295, '2021-11-22', 16, 333, 333, '333', 2),
(296, '2021-11-22', 16, 333, 333, '333', 2),
(297, '2021-11-22', 16, 333, 333, '333', 2),
(298, '2021-11-22', 16, 333, 333, '333', 2),
(299, '2021-11-22', 16, 333, 333, '333', 2),
(300, '2021-11-22', 16, 333, 333, '333', 2),
(301, '2021-11-22', 16, 333, 333, '333', 2),
(302, '2021-11-22', 16, 333, 333, '333', 2),
(303, '2021-11-22', 16, 333, 333, '333', 2),
(304, '2021-11-22', 16, 333, 333, '333', 2),
(305, '2021-11-22', 16, 333, 333, '333', 2),
(306, '2021-11-22', 16, 333, 333, '333', 2),
(307, '2021-11-22', 16, 333, 333, '333', 2),
(308, '2021-11-22', 16, 333, 333, '333', 2),
(309, '2021-11-22', 16, 333, 333, '333', 2),
(310, '2021-11-22', 16, 333, 333, '333', 2),
(311, '2021-11-22', 16, 333, 333, '333', 2),
(312, '2021-11-22', 16, 333, 333, '333', 2),
(313, '2021-11-22', 16, 333, 333, '333', 2),
(314, '2021-11-22', 16, 333, 333, '333', 2),
(315, '2021-11-22', 16, 333, 333, '333', 2),
(316, '2021-11-22', 16, 333, 333, '333', 2),
(317, '2021-11-22', 16, 333, 333, '333', 2),
(318, '2021-11-22', 16, 333, 333, '333', 2),
(319, '2021-11-22', 16, 333, 333, '333', 2),
(320, '2021-11-22', 16, 333, 333, '333', 2),
(321, '2021-11-22', 16, 333, 333, '333', 2),
(322, '2021-11-22', 16, 333, 333, '333', 2),
(323, '2021-11-22', 16, 333, 333, '333', 2),
(324, '2021-11-22', 16, 333, 333, '333', 2),
(325, '2021-11-22', 16, 333, 333, '333', 2),
(326, '2021-11-22', 16, 333, 333, '333', 2),
(327, '2021-11-22', 16, 333, 333, '333', 2),
(328, '2021-11-22', 16, 333, 333, '333', 2),
(329, '2021-11-22', 16, 333, 333, '333', 2),
(330, '2021-11-22', 16, 333, 333, '333', 2),
(331, '2021-11-22', 16, 333, 333, '333', 2),
(332, '2021-11-22', 16, 333, 333, '333', 2),
(333, '2021-11-22', 16, 333, 333, '333', 2),
(334, '2021-11-22', 16, 333, 333, '333', 2),
(335, '2021-11-22', 16, 333, 333, '333', 2),
(336, '2021-11-22', 16, 333, 333, '333', 2),
(337, '2021-11-22', 16, 333, 333, '333', 2),
(338, '2021-11-22', 16, 333, 333, '333', 2),
(339, '2021-11-22', 16, 333, 333, '333', 2),
(340, '2021-11-22', 16, 333, 333, '333', 2),
(341, '2021-11-22', 16, 333, 333, '333', 2),
(342, '2021-11-22', 16, 333, 333, '333', 2),
(343, '2021-11-22', 16, 333, 333, '333', 2),
(344, '2021-11-22', 16, 333, 333, '333', 2),
(345, '2021-11-22', 16, 333, 333, '333', 2),
(346, '2021-11-22', 16, 333, 333, '333', 2),
(347, '2021-11-22', 16, 333, 333, '333', 2),
(348, '2021-11-22', 16, 333, 333, '333', 2),
(349, '2021-11-22', 16, 333, 333, '333', 2),
(350, '2021-11-22', 16, 333, 333, '333', 2),
(351, '2021-11-22', 16, 333, 333, '333', 2),
(352, '2021-11-22', 16, 333, 333, '333', 2),
(353, '2021-11-22', 16, 333, 333, '333', 2),
(354, '2021-11-22', 16, 333, 333, '333', 2),
(355, '2021-11-22', 16, 333, 333, '333', 2),
(356, '2021-11-22', 16, 333, 333, '333', 2),
(357, '2021-11-22', 16, 333, 333, '333', 2),
(358, '2021-11-22', 16, 333, 333, '333', 2),
(359, '2021-11-22', 16, 333, 333, '333', 2),
(360, '2021-11-22', 16, 333, 333, '333', 2),
(361, '2021-11-22', 16, 333, 333, '333', 2),
(362, '2021-11-22', 16, 333, 333, '333', 2),
(363, '2021-11-22', 16, 333, 333, '333', 2),
(364, '2021-11-22', 16, 333, 333, '333', 2),
(365, '2021-11-22', 16, 333, 333, '333', 2),
(366, '2021-11-22', 16, 333, 333, '333', 2),
(367, '2021-11-22', 16, 333, 333, '333', 2),
(368, '2021-11-22', 16, 333, 333, '333', 2),
(369, '2021-11-22', 16, 333, 333, '333', 2),
(370, '2021-12-02', 13, 5, 555, '999', 2),
(371, '2021-12-02', 13, 5, 555, '999', 2),
(372, '2021-12-02', 13, 5, 555, '999', 2),
(373, '2021-12-02', 13, 5, 555, '999', 2),
(374, '2021-12-02', 13, 5, 555, '999', 2),
(375, '2021-11-28', 22, 3, 3000, '435gfd', 2),
(376, '2021-11-28', 22, 3, 3000, '435gfd', 2),
(377, '2021-11-28', 22, 3, 3000, '435gfd', 2),
(378, '2021-11-28', 23, 5, 4500, 'fdg435', 2),
(379, '2021-11-28', 23, 5, 4500, 'fdg435', 2),
(380, '2021-11-28', 23, 5, 4500, 'fdg435', 2),
(381, '2021-11-28', 23, 5, 4500, 'fdg435', 2),
(382, '2021-11-28', 23, 5, 4500, 'fdg435', 2),
(383, '2021-11-29', 24, 3, 8000, 'jghj86', 2),
(384, '2021-11-29', 24, 3, 8000, 'jghj86', 2),
(385, '2021-11-29', 24, 3, 8000, 'jghj86', 2),
(386, '2021-11-28', 25, 3, 5000, 'рпар6', 2),
(387, '2021-11-28', 25, 3, 5000, 'рпар6', 2),
(388, '2021-11-28', 25, 3, 5000, 'рпар6', 2),
(389, '2021-12-04', 23, 10, 19, 'fhhfgh', 2),
(390, '2021-12-04', 22, 19, 6, 'fhhfgh', 2),
(391, '2021-12-05', 25, 3, 3000, 'tttt', 2),
(392, '2021-12-05', 24, 4, 4500, 'ooooo', 2),
(393, '2021-12-05', 24, 4, 4500, 'ooooo', 2),
(394, '2021-12-05', 24, 3, 4500, 'gfgfh', 2),
(395, '2021-12-26', 26, 2, 35000, 'нн65ва45', 2),
(396, '2021-12-27', 27, 3, 6000, 'ллл75а46', 2),
(398, '2021-12-27', 28, 1, 12000, 'п45р56', 2),
(399, '2021-12-27', 29, 1, 8000, 'аиавп45', 2),
(400, '2021-12-27', 30, 2, 25000, 'апа54а4', 2),
(401, '2021-12-27', 0, 1, 16000, 'ава3к3', 2),
(402, '2021-12-27', 31, 1, 16000, 'ава3к3', 2),
(403, '2021-12-27', 0, 2, 7000, 'выа34', 2),
(404, '2021-12-27', 32, 2, 7000, 'выа34', 2),
(405, '2021-12-27', 33, 3, 999, 'мчсма34', 2),
(406, '2021-12-27', 2, 1, 3000, 'ffgfd55', 2),
(407, '2021-12-27', 22, 2, 3000, 'fe45435g', 2),
(408, '2021-12-27', 23, 2, 4500, 'вап5435', 2),
(409, '2021-12-27', 25, 1, 6000, 'упук54', 2);

-- --------------------------------------------------------

--
-- Структура таблицы `workers`
--

CREATE TABLE `workers` (
  `workerId` int(11) NOT NULL,
  `name` varchar(50) COLLATE utf8mb4_unicode_ci NOT NULL,
  `birthday` date NOT NULL,
  `phone` varchar(255) COLLATE utf8mb4_unicode_ci NOT NULL,
  `address` varchar(255) COLLATE utf8mb4_unicode_ci NOT NULL,
  `salary` int(11) NOT NULL,
  `role` varchar(50) COLLATE utf8mb4_unicode_ci DEFAULT NULL
) ENGINE=InnoDB DEFAULT CHARSET=utf8mb4 COLLATE=utf8mb4_unicode_ci;

--
-- Дамп данных таблицы `workers`
--

INSERT INTO `workers` (`workerId`, `name`, `birthday`, `phone`, `address`, `salary`, `role`) VALUES
(1, 'Василий', '1985-10-03', '345345', 'Ул. Победы 6', 7568, 'Администратор'),
(2, 'Стас', '1996-10-06', '5435345', 'Ул. Дружбы 8', 6897, 'Кладовщик'),
(3, 'Влад', '1992-10-29', '36436346', 'Ул. Зеленая 2', 3463, 'Менеджер по продажам'),
(4, 'Игорь', '1991-10-20', '435345', 'Ул. Янтарная 4', 4986, 'Курьер'),
(6, '1111', '2021-11-10', '1111', '1111', 111, 'test2223');

--
-- Индексы сохранённых таблиц
--

--
-- Индексы таблицы `categories`
--
ALTER TABLE `categories`
  ADD PRIMARY KEY (`id`),
  ADD UNIQUE KEY `name` (`name`);

--
-- Индексы таблицы `goods`
--
ALTER TABLE `goods`
  ADD PRIMARY KEY (`id`),
  ADD KEY `FK_goods_category` (`category`);

--
-- Индексы таблицы `providers`
--
ALTER TABLE `providers`
  ADD PRIMARY KEY (`providerId`);

--
-- Индексы таблицы `providerwaybills`
--
ALTER TABLE `providerwaybills`
  ADD PRIMARY KEY (`id`),
  ADD KEY `FK_providerwaybills_providerId` (`providerId`),
  ADD KEY `FK_providerwaybills_waybillId` (`waybillId`);

--
-- Индексы таблицы `roles`
--
ALTER TABLE `roles`
  ADD PRIMARY KEY (`id`),
  ADD UNIQUE KEY `role` (`role`),
  ADD UNIQUE KEY `role_2` (`role`);

--
-- Индексы таблицы `sales`
--
ALTER TABLE `sales`
  ADD PRIMARY KEY (`id`),
  ADD KEY `FK_sales_courier` (`courier`),
  ADD KEY `FK_sales_itemId` (`itemId`);

--
-- Индексы таблицы `stockcontrolcard`
--
ALTER TABLE `stockcontrolcard`
  ADD PRIMARY KEY (`id`),
  ADD KEY `FK_stockcontrolcard_saleId` (`saleId`);

--
-- Индексы таблицы `storage`
--
ALTER TABLE `storage`
  ADD PRIMARY KEY (`id`),
  ADD KEY `FK_storage_workerId` (`workerId`),
  ADD KEY `FK_storage_itemId` (`itemId`);

--
-- Индексы таблицы `waybill`
--
ALTER TABLE `waybill`
  ADD PRIMARY KEY (`id`),
  ADD KEY `FK_waybill_itemId` (`itemId`),
  ADD KEY `FK_waybill_recipientId` (`recipientId`);

--
-- Индексы таблицы `workers`
--
ALTER TABLE `workers`
  ADD PRIMARY KEY (`workerId`),
  ADD KEY `FK_workers_role` (`role`);

--
-- AUTO_INCREMENT для сохранённых таблиц
--

--
-- AUTO_INCREMENT для таблицы `categories`
--
ALTER TABLE `categories`
  MODIFY `id` int(11) NOT NULL AUTO_INCREMENT, AUTO_INCREMENT=9;

--
-- AUTO_INCREMENT для таблицы `goods`
--
ALTER TABLE `goods`
  MODIFY `id` int(11) NOT NULL AUTO_INCREMENT, AUTO_INCREMENT=34;

--
-- AUTO_INCREMENT для таблицы `providers`
--
ALTER TABLE `providers`
  MODIFY `providerId` int(11) NOT NULL AUTO_INCREMENT, AUTO_INCREMENT=10;

--
-- AUTO_INCREMENT для таблицы `providerwaybills`
--
ALTER TABLE `providerwaybills`
  MODIFY `id` int(11) NOT NULL AUTO_INCREMENT, AUTO_INCREMENT=407;

--
-- AUTO_INCREMENT для таблицы `roles`
--
ALTER TABLE `roles`
  MODIFY `id` int(11) NOT NULL AUTO_INCREMENT, AUTO_INCREMENT=6;

--
-- AUTO_INCREMENT для таблицы `sales`
--
ALTER TABLE `sales`
  MODIFY `id` int(11) NOT NULL AUTO_INCREMENT, AUTO_INCREMENT=43;

--
-- AUTO_INCREMENT для таблицы `stockcontrolcard`
--
ALTER TABLE `stockcontrolcard`
  MODIFY `id` int(11) NOT NULL AUTO_INCREMENT, AUTO_INCREMENT=437;

--
-- AUTO_INCREMENT для таблицы `storage`
--
ALTER TABLE `storage`
  MODIFY `id` int(11) NOT NULL AUTO_INCREMENT, AUTO_INCREMENT=420;

--
-- AUTO_INCREMENT для таблицы `waybill`
--
ALTER TABLE `waybill`
  MODIFY `id` int(11) NOT NULL AUTO_INCREMENT, AUTO_INCREMENT=410;

--
-- AUTO_INCREMENT для таблицы `workers`
--
ALTER TABLE `workers`
  MODIFY `workerId` int(11) NOT NULL AUTO_INCREMENT, AUTO_INCREMENT=7;

--
-- Ограничения внешнего ключа сохраненных таблиц
--

--
-- Ограничения внешнего ключа таблицы `goods`
--
ALTER TABLE `goods`
  ADD CONSTRAINT `FK_goods_category` FOREIGN KEY (`category`) REFERENCES `categories` (`name`) ON DELETE NO ACTION ON UPDATE CASCADE;

--
-- Ограничения внешнего ключа таблицы `providerwaybills`
--
ALTER TABLE `providerwaybills`
  ADD CONSTRAINT `FK_providerwaybills_providerId` FOREIGN KEY (`providerId`) REFERENCES `providers` (`providerId`) ON DELETE SET NULL ON UPDATE CASCADE,
  ADD CONSTRAINT `FK_providerwaybills_waybillId` FOREIGN KEY (`waybillId`) REFERENCES `waybill` (`id`) ON DELETE NO ACTION;

--
-- Ограничения внешнего ключа таблицы `sales`
--
ALTER TABLE `sales`
  ADD CONSTRAINT `FK_sales_courier` FOREIGN KEY (`courier`) REFERENCES `workers` (`workerId`) ON DELETE NO ACTION ON UPDATE CASCADE,
  ADD CONSTRAINT `FK_sales_itemId` FOREIGN KEY (`itemId`) REFERENCES `goods` (`id`) ON DELETE CASCADE ON UPDATE CASCADE;

--
-- Ограничения внешнего ключа таблицы `stockcontrolcard`
--
ALTER TABLE `stockcontrolcard`
  ADD CONSTRAINT `FK_stockcontrolcard_saleId` FOREIGN KEY (`saleId`) REFERENCES `sales` (`id`) ON DELETE SET NULL ON UPDATE CASCADE;

--
-- Ограничения внешнего ключа таблицы `storage`
--
ALTER TABLE `storage`
  ADD CONSTRAINT `FK_storage_itemId` FOREIGN KEY (`itemId`) REFERENCES `goods` (`id`) ON DELETE NO ACTION,
  ADD CONSTRAINT `FK_storage_workerId` FOREIGN KEY (`workerId`) REFERENCES `workers` (`workerId`) ON DELETE NO ACTION ON UPDATE CASCADE;

--
-- Ограничения внешнего ключа таблицы `waybill`
--
ALTER TABLE `waybill`
  ADD CONSTRAINT `FK_waybill_recipientId` FOREIGN KEY (`recipientId`) REFERENCES `workers` (`workerId`) ON DELETE NO ACTION ON UPDATE CASCADE;

--
-- Ограничения внешнего ключа таблицы `workers`
--
ALTER TABLE `workers`
  ADD CONSTRAINT `FK_workers_role` FOREIGN KEY (`role`) REFERENCES `roles` (`role`) ON DELETE CASCADE ON UPDATE CASCADE;
COMMIT;

/*!40101 SET CHARACTER_SET_CLIENT=@OLD_CHARACTER_SET_CLIENT */;
/*!40101 SET CHARACTER_SET_RESULTS=@OLD_CHARACTER_SET_RESULTS */;
/*!40101 SET COLLATION_CONNECTION=@OLD_COLLATION_CONNECTION */;
